"source","cible","code","type","groupe","hits","statut","origine"
"/fr/nouvelles/nomination-joanne-hurens/","https://www.victrix.ca/decouvrir-victrix/","301","url","Redirections","170","enabled","plugin Redirection"
"/fr/nouvelles/nomination-benoit-champagne/","https://www.victrix.ca/decouvrir-victrix/","301","url","Redirections","77","enabled","plugin Redirection"
"/fr/equipe-direction/patrick-scantland/","https://www.victrix.ca/decouvrir-victrix/","301","url","Redirections","12","enabled","plugin Redirection"
"/fr/equipe-direction/marco-vachon/","https://www.victrix.ca/decouvrir-victrix/","301","url","Redirections","496","enabled","plugin Redirection"
"/fr/solutions/guichet-reinitialisation-mot-de-passe/","https://www.victrix.ca/expertise/cybersecurite/","301","url","Redirections","349","enabled","plugin Redirection"
"/fr/solutions/plateforme-sociale-entreprise/","https://www.victrix.ca/expertise/productivite/plateforme-employe-intranet/","301","url","Redirections","643","enabled","plugin Redirection"
"/plateforme-experience-employe/","https://www.victrix.ca/expertise/productivite/plateforme-employe-intranet/","301","url","Redirections","52","enabled","plugin Redirection"
"/solution/studio/","/expertise/productivite/o-studio/","301","url","Redirections","2020","enabled","plugin Redirection"
"/solution/centre-operationnel-de-securite/","https://www.victrix.ca/expertise/cybersecurite/centre-operationnel-de-securite-evolutif/","301","url","Redirections","4144","enabled","plugin Redirection"
"/solution/migration/","/expertise/services-infonuagiques/migration-vers-azure/","301","url","Redirections","2732","enabled","plugin Redirection"
"/en/solution/migration/","https://www.victrix.ca/en/expertise/cloud-services-provider/azure-migration/","301","url","Redirections","2699","enabled","plugin Redirection"
"/en/solution/o-studio/","/en/expertise/productivity-consulting/o-studio/","301","url","Redirections","3025","enabled","plugin Redirection"
"/en/solution/scalable-security-operations-center/","/en/expertise/managed-security-service-provider/scalable-security-operations-center/","301","url","Redirections","3523","enabled","plugin Redirection"
"/expertise/productivite/plateforme-experience-employe/","https://www.victrix.ca/expertise/productivite/plateforme-employe-microsoft-viva-365/","301","url","Redirections","426","enabled","plugin Redirection"
"/o-studio/creation","https://o-studio-catalogue.victrix.ca/","301","url","Redirections","3","enabled","plugin Redirection"
"/solution/loi-25/","https://www.victrix.ca/expertise/loi-25-etes-vous-en-conformite/","301","url","Redirections","133","enabled","plugin Redirection"
"/expertise/securite-informatique/internet-des-objets-iot/","expertise/securite-informatique/internet-des-objets-service-iot/","301","url","Redirections","141","enabled","plugin Redirection"
"/en/expertise/internet-of-things-iot/","/en/expertise/managed-security-service-provider/internet-of-things-iot/","301","url","Redirections","253","enabled","plugin Redirection"
"/expertise/securite-informatique/","/expertise/cybersecurite/","301","url","Redirections","2190","enabled","plugin Redirection"
"/en/expertise/managed-security-service-provider/","https://www.victrix.ca/en/expertise/cybersecurity/","301","url","Redirections","1462","enabled","plugin Redirection"
"/en/expertise/business-it-strategy/","https://www.victrix.ca/en/expertise/strategic-advice/","301","url","Redirections","26","enabled","plugin Redirection"
"/fr/","https://www.victrix.ca/","301","url","Redirections","642","enabled","plugin Redirection"
"/fr/services/nsx/","https://www.victrix.ca/expertise/cybersecurite/","301","url","Redirections","190","enabled","plugin Redirection"
"/fr/nouvelles/victrix-fondation-marie-vincent/","https://www.victrix.ca/ressources/","301","url","Redirections","61","enabled","plugin Redirection"
"/fr/services/ems/","https://www.victrix.ca/","301","url","Redirections","73","enabled","plugin Redirection"
"/fr/expertise/infrastructure/","https://www.victrix.ca/expertise/services-ti-geres/","301","url","Redirections","171","enabled","plugin Redirection"
"/fr/nouvelles/nomination-benoit-champagne/","https://www.victrix.ca/decouvrir-victrix/","301","url","Redirections","12","enabled","plugin Redirection"
"/expertise/test-azure/","https://www.victrix.ca/expertise/services-infonuagiques/migration-vers-azure/","301","url","Redirections","4","enabled","plugin Redirection"
"/expertise/strategie-ti-affaires/","https://www.victrix.ca/expertise/conseil-strategique/","301","url","Redirections","705","enabled","plugin Redirection"
"/fr/nouvelles/nomination-alexandre-pitre/","https://www.victrix.ca/decouvrir-victrix/","301","url","Redirections","68","enabled","plugin Redirection"
"/fr/fondements-entreprise/","https://www.victrix.ca/decouvrir-victrix/","301","url","Redirections","122","enabled","plugin Redirection"
"/fr/nouvelles/victrix-gagne-en-espace-infonuagique/","https://www.victrix.ca/expertise/services-infonuagiques/","301","url","Redirections","71","enabled","plugin Redirection"
"/fr/vue-experts/secret-agile-rapide-sharepoint-office-365/","https://www.victrix.ca/expertise/fournisseur-services-geres-ti/maximisez-lutilisation-de-votre-ecosysteme-m365/","301","url","Redirections","46","enabled","plugin Redirection"
"/solution/m-365/","https://www.victrix.ca/expertise/fournisseur-services-geres-ti/maximisez-lutilisation-de-votre-ecosysteme-m365/","301","url","Redirections","84","enabled","plugin Redirection"
"/fr/equipe-direction/","https://www.victrix.ca/decouvrir-victrix/","301","url","Redirections","240","enabled","plugin Redirection"
"/expertise/transformation-organisationnelle/","https://www.victrix.ca/expertise/conseil-strategique/","301","url","Redirections","907","enabled","plugin Redirection"
"/fr/services/bilan-securite/","https://www.victrix.ca/expertise/cybersecurite/","301","url","Redirections","187","enabled","plugin Redirection"
"/en-CA/careers/","https://www.victrix.ca/en/careers/","301","url","Redirections","62","enabled","plugin Redirection"
"/en/expertise/organizational-transformation/","https://www.victrix.ca/en/expertise/strategic-advice/","301","url","Redirections","68","enabled","plugin Redirection"
"/expertise/test-securite-reseaux/","https://www.victrix.ca/expertise/cybersecurite/","301","url","Redirections","147","enabled","plugin Redirection"
"/fr/expertise/securite/","https://www.victrix.ca/expertise/cybersecurite/","301","url","Redirections","128","enabled","plugin Redirection"
"/fr/confidentialite/","https://www.victrix.ca/politique-de-confidentialite/","301","url","Redirections","56","enabled","plugin Redirection"
"/fr/nous-joindre/","https://www.victrix.ca/contact/","301","url","Redirections","466","enabled","plugin Redirection"
"/fr/nouvelles/31-une-nette-progression-de-victrix-au-classement-branham/","https://www.victrix.ca/ressources/","301","url","Redirections","38","enabled","plugin Redirection"
"/fr/a-propos/","https://www.victrix.ca/decouvrir-victrix/","301","url","Redirections","177","enabled","plugin Redirection"
"/expertise/services-geres-ti/","https://www.victrix.ca/expertise/fournisseur-services-geres-ti/","301","url","Redirections","277","enabled","plugin Redirection"
"/fr/nouvelles/visionti-se-joint-a-victrix","https://www.victrix.ca/decouvrir-victrix/","301","url","Redirections","60","enabled","plugin Redirection"
"/en/solution/microsoft-365/","https://www.victrix.ca/expertise/fournisseur-services-geres-ti/maximisez-lutilisation-de-votre-ecosysteme-m365/","301","url","Redirections","339","enabled","plugin Redirection"
"/expertise/productivite/plateforme-employe-microsoft-viva-365/","/expertise/productivite/plateforme-employe-intranet/","301","url","Redirections","934","enabled","plugin Redirection"
"/en/expertise/productivity-consulting/microsoft-viva-365-employee-platform/","/en/expertise/productivity-consulting/employee-platform-intranet/","301","url","Redirections","891","enabled","plugin Redirection"
"/expertise/fournisseur-services-geres-ti/","/expertise/services-ti-geres/","301","url","Redirections","1094","enabled","plugin Redirection"
"/en/expertise/it-managed-services-provider/","/en/expertise/managed-it-services/","301","url","Redirections","1363","enabled","plugin Redirection"
"/plateforme-employe-microsoft-viva-365/","https://www.victrix.ca/expertise/productivite/plateforme-employe-intranet/","301","url","Redirections","8","enabled","plugin Redirection"
"/en/iso27001-certification/","https://www.victrix.ca/en/iso-27001-iso-9001-certifications/","301","url","Redirections","775","enabled","plugin Redirection"
"/certifie-iso27001/","https://www.victrix.ca/certification-iso-27001-iso-9001/","301","url","Redirections","575","enabled","plugin Redirection"
"/document/guide-prevention-menaces-mobile/","https://www.victrix.ca/expertise/cybersecurite/internet-des-objets-service-iot/","301","url","Redirections","67","enabled","plugin Redirection"
"/document/5-astuces-pour-les-entreprises-de-taille-moyenne-au-sujet-de-la-mobilite-byod/","https://www.victrix.ca/expertise/cybersecurite/internet-des-objets-service-iot/","301","url","Redirections","42","enabled","plugin Redirection"
"/document/rapport-de-menaces-juin-2016/","https://www.victrix.ca/expertise/cybersecurite/","301","url","Redirections","38","enabled","plugin Redirection"
"/document/les-bases-de-la-virtualisation/","https://www.victrix.ca/expertise/services-infonuagiques/","301","url","Redirections","101","enabled","plugin Redirection"
"/document/plate-forme-nsx-de-virtualisation-du-reseau-livre-blanc/","https://www.victrix.ca/expertise/services-infonuagiques/","301","url","Redirections","56","enabled","plugin Redirection"
"/document/infographie-la-virtualisation-de-reseau-vmware/","https://www.victrix.ca/expertise/services-infonuagiques/","301","url","Redirections","93","enabled","plugin Redirection"
"/hoozin-et-victrix-annoncent-leur-partenariat-exclusif-au-quebec/","https://www.victrix.ca/expertise/productivite/plateforme-employe-intranet/","301","url","Redirections","72","enabled","plugin Redirection"
"/victrix-acquiert-agrm-pi/","https://www.victrix.ca/expertise/cybersecurite/","301","url","Redirections","127","enabled","plugin Redirection"
"/victrix-lance-une-nouvelle-identite-de-marque/","https://www.victrix.ca/decouvrir-victrix/","301","url","Redirections","282","enabled","plugin Redirection"
"/victrix-participe-au-34e-colloque-annuel-du-rimq/","https://www.victrix.ca/expertise/productivite/o-studio/","301","url","Redirections","52","enabled","plugin Redirection"
"/noverka-conseil-se-joint-a-victrix/","https://www.victrix.ca/expertise/services-ti-geres/","301","url","Redirections","202","enabled","plugin Redirection"
"/sharepoint-saturday-quebec-2016/","https://www.victrix.ca/expertise/services-ti-geres/maximisez-lutilisation-de-votre-ecosysteme-m365/","301","url","Redirections","121","enabled","plugin Redirection"
"/visionti-se-joint-a-victrix/","https://www.victrix.ca/expertise/services-infonuagiques/migration-vers-azure/","301","url","Redirections","88","enabled","plugin Redirection"
"/victrix-15-ans-de-croissance-et-de-succes/","https://www.victrix.ca/decouvrir-victrix/","301","url","Redirections","56","enabled","plugin Redirection"
"/une-nette-progression-de-victrix-au-classement-branham/","https://www.victrix.ca/decouvrir-victrix/","301","url","Redirections","81","enabled","plugin Redirection"
"/une-cotation-en-bourse-pour-le-groupe-sur-euronext-paris/","https://www.victrix.ca/decouvrir-victrix/","301","url","Redirections","118","enabled","plugin Redirection"
"/victrix-une-fois-de-plus-dans-le-top-500-les-affaires/","https://www.victrix.ca/decouvrir-victrix/","301","url","Redirections","157","enabled","plugin Redirection"
"/capacites-ia-servicenow/","/ia-servicenow/","301","url","Redirections","331","enabled","plugin Redirection"
"/en/capacites-ia-servicenow/","/en/servicenow-ai/","301","url","Redirections","1174","enabled","plugin Redirection"
"/check-point/","/expertise/approvisionnement-ti/check-point/","301","url","Redirections","14","enabled","plugin Redirection"
"/en/check-point/","/en/expertise/it-procurement/check-point/","301","url","Redirections","52","enabled","plugin Redirection"
"/solutions-microsoft/","/expertise/approvisionnement-ti/solutions-microsoft/","301","url","Redirections","15","enabled","plugin Redirection"
"/en/microsoft-solutions","/en/expertise/it-procurement/microsoft-solutions/","301","url","Redirections","29","enabled","plugin Redirection"
"/expertise/conseil-strategique-2/","https://www.victrix.ca/expertise/conseil-strategique/","301","url","Redirections","519","enabled","plugin Redirection"
"/expertise/conseil-strategique/loi-25-etes-vous-en-conformite/","https://www.victrix.ca/expertise/conseil-strategique/conformite-loi-25/","301","url","Redirections","100","enabled","plugin Redirection"
"/en/expertise/strategic-advice/law-25-are-you-compliant/","https://www.victrix.ca/en/expertise/strategic-advice/law-25-compliance/","301","url","Redirections","194","enabled","plugin Redirection"
"/en/expertise/cloud-services-provider/acceleration-of-your-azure-transition/","https://www.victrix.ca/en/expertise/cloud-services-provider/azure-migration/","301","url","Redirections","797","enabled","plugin Redirection"
"/certification-iso-27001-iso-9001-2/","https://www.victrix.ca/certification-iso-27001-iso-9001/","301","url","Redirections","179","enabled","plugin Redirection"
"/en/expertise/cybersecurity-healthcare/","/en/expertise/cybersecurity/cybersecurity-healthcare/","301","url","Redirections","389","enabled","plugin Redirection"
"/expertise/loi-25-etes-vous-en-conformite/","https://www.victrix.ca/expertise/conseil-strategique/conformite-loi-25/","301","url","Redirections","218","enabled","plugin Redirection"
"(ancien slug) securite","/?post_type=expertise&p=112","301","slug","_wp_old_slug","","enabled","meta _wp_old_slug"
"(ancien slug) cloud","/en/expertise/cloud-services-provider/","301","slug","_wp_old_slug","","enabled","meta _wp_old_slug"
"(ancien slug) cloud-services","/en/expertise/cloud-services-provider/","301","slug","_wp_old_slug","","enabled","meta _wp_old_slug"
"(ancien slug) security","/en/expertise/cybersecurity/","301","slug","_wp_old_slug","","enabled","meta _wp_old_slug"
"(ancien slug) productivity","/en/expertise/productivity-consulting/","301","slug","_wp_old_slug","","enabled","meta _wp_old_slug"
"(ancien slug) 7567","/document/webinaire-copilot-buzz-impact/","301","slug","_wp_old_slug","","enabled","meta _wp_old_slug"
"(ancien slug) webinaire-copilot-2","/document/webinaire-copilot-buzz-impact/","301","slug","_wp_old_slug","","enabled","meta _wp_old_slug"
"(ancien slug) capacites-ia-servicenow","/ia-servicenow/","301","slug","_wp_old_slug","","enabled","meta _wp_old_slug"
"(ancien slug) capacites-ia-servicenow","/en/servicenow-ai/","301","slug","_wp_old_slug","","enabled","meta _wp_old_slug"
"(ancien slug) setting-up-a-soc-aligned-with-your-it-operations","/en/setting-up-a-soc/","301","slug","_wp_old_slug","","enabled","meta _wp_old_slug"
"(ancien slug) certification-iso-27001-iso-9001-2","/certification-iso-27001-iso-9001/","301","slug","_wp_old_slug","","enabled","meta _wp_old_slug"
"(ancien slug) migration-windows-11-microsoft-exchange-2","/migration-windows-11-microsoft-exchange/","301","slug","_wp_old_slug","","enabled","meta _wp_old_slug"
"(ancien slug) migration-windows-11-microsoft-exchange-2","/en/migration-windows-11-microsoft-exchange/","301","slug","_wp_old_slug","","enabled","meta _wp_old_slug"
