"type","id","langue","statut","titre","url","chemin","moteur","seo_title","seo_metadesc","noindex","traduction_id","auteur","date"
"page","2","fr","publish","Accueil","https://www.victrix.ca/","/","siteorigin","Cabinet Conseil TI, Cybersécurité, IA & Services Gérés | Victrix","Victrix est le cabinet conseil en TI, cybersécurité, IA, services gérés, cloud et développement d’applications sur mesure pour les secteurs public et privé.","","918","admin@victrix","2022-01-29 22:30:54"
"page","3","fr","publish","Politique de confidentialité","https://www.victrix.ca/politique-de-confidentialite/","/politique-de-confidentialite/","gutenberg","Politique de confidentialité | Vie privée | Victrix","Victrix : Politique de confidentialité et de non-divulgation qu l'utilisation et la divulguation des informations personnelles.","oui","2980","admin@victrix","2022-01-29 22:30:54"
"page","36","fr","publish","Conditions d'utilisation","https://www.victrix.ca/conditions-dutilisation/","/conditions-dutilisation/","html","Conditions d'utilisation | Table des matières | Victrix","Retrouvez les modalités d’utilisation du site Victrix. En vous connectant sur ce site, vous acceptez sans réserves les présentes modalités.","oui","2979","admin@victrix","2022-02-08 15:26:50"
"page","57","fr","publish","Découvrir Victrix","https://www.victrix.ca/decouvrir-victrix/","/decouvrir-victrix/","siteorigin","Découvrir Victrix | Histoire, missions, écosystème | Victrix","Découvrir Victrix: partenaire stratégique des grandes entreprises canadiennes. Cabinet spécialisé en cybersécurité, infonuagique et services gérés.","","2945","admin@victrix","2022-02-09 16:40:30"
"page","62","fr","publish","Contact","https://www.victrix.ca/contact/","/contact/","siteorigin","Contactez-nous | Parlez à nos experts | Victrix","Vous avez une question ou souhaitez démarrer un projet avec Victrix? Contactez-nous! Un expert vous recontactera dans les plus brefs délais.","","3526","admin@victrix","2022-02-09 16:41:58"
"page","64","fr","publish","Ressources","https://www.victrix.ca/ressources/","/ressources/","vide","Ressources | Articles | Témoignages | Études de cas | Victrix","Retrouvez toutes les actualités de Victrix et profitez de notre expertise via nos ressources: articles, études de cas, livres blancs, vidéos.","","2968","admin@victrix","2022-02-09 16:42:21"
"page","66","fr","publish","Portail client","https://www.victrix.ca/mon-portail/","/mon-portail/","siteorigin","Mon portail | Espace client | Victrix","Mon portail: connectez-vous à votre espace client Victrix et trouvez toutes les informations concernant votre compte.","","2973","admin@victrix","2022-02-09 16:42:57"
"page","483","fr","publish","Carrière","https://www.victrix.ca/carriere/","/carriere/","siteorigin","Offres d'emploi | Opportunités de carrière | Victrix","Découvrez les offres d'emploi chez Victrix. Le bien-être de notre personnel est notre priorité. Profitez d’un équilibre au travail et de nombreux avantages!","","2952","admin@victrix","2022-03-02 10:47:35"
"page","918","en","publish","Home","https://www.victrix.ca/en/","/en/","siteorigin","IT Consulting, Cybersecurity, AI & Managed Services | Victrix","Victrix is the IT, cybersecurity, AI, managed services, cloud and custom application development consultancy for the public and private sectors.","","2","admin@victrix","2022-03-06 02:23:47"
"page","2798","fr","publish","Accès interdit","https://www.victrix.ca/no-access/","/no-access/","shortcode-seul","","","oui","2977","admin@victrix","2022-05-06 23:51:20"
"page","2945","en","publish","Discover Victrix","https://www.victrix.ca/en/discover-victrix/","/en/discover-victrix/","siteorigin","Discover Victrix | History, missions, ecosystem | Victrix","Victrix has been a partner of the largest IT companies in Quebec, specializing in cybersecurity, productivity and cloud solutions.","","57","admin@victrix","2022-05-09 18:07:50"
"page","2952","en","publish","Careers","https://www.victrix.ca/en/careers/","/en/careers/","siteorigin","Careers | Career opportunities | Victrix","At Victrix, the well-being of our staff is our priority, which is why our employees enjoy a flexible work schedule and numerous benefits.","","483","admin@victrix","2022-05-09 18:13:41"
"page","2968","en","publish","Resources center","https://www.victrix.ca/en/resources-center/","/en/resources-center/","vide","Resources center | Articles, testimonials, case studies | Victrix","Find all Victrix news via our resources: articles, case studies, white papers, videos. Our experts write content about their cases.","","64","admin@victrix","2022-05-09 18:22:21"
"page","2973","en","publish","Customer Portal","https://www.victrix.ca/en/customer-portal/","/en/customer-portal/","siteorigin","Customer Portal | Customer area | Victrix","Victrix - Customer Portal : log in to your customer area and get custom made information for you about our services.","","66","admin@victrix","2022-05-09 18:31:54"
"page","2977","en","publish","No access","https://www.victrix.ca/en/no-access/","/en/no-access/","vide","","","oui","2798","admin@victrix","2022-05-09 18:32:10"
"page","2979","en","publish","Terms of use","https://www.victrix.ca/en/terms-of-use/","/en/terms-of-use/","html","Terms of use | Table of contents | Victrix","Find the terms of use of the Victrix website. By accessing this site, you accept these terms and conditions without reservation.","oui","36","admin@victrix","2022-05-09 18:33:19"
"page","2980","en","publish","Privacy Policy","https://www.victrix.ca/en/privacy-policy/","/en/privacy-policy/","gutenberg","Privacy Policy & personal information | Victrix","Victrix : Privacy and Non-Disclosure Policy explaining how it uses and discloses the personal information it collects through its Website.","oui","3","admin@victrix","2022-05-09 18:33:27"
"page","3743","fr","draft","Diner Victrix et Palo Alto","https://www.victrix.ca/?page_id=3743","/?page_id=3743","siteorigin","","","oui","","BMI","2022-11-08 13:20:26"
"page","4989","fr","draft","« Êtes-vous en sécurité ? » Améliorez votre cybersécurité avec Victrix","https://www.victrix.ca/?page_id=4989","/?page_id=4989","siteorigin","«Êtes-vous en sécurité?» Améliorez votre cybersécurité | Victrix","Victrix souhaite sensibiliser aux enjeux de cybersécurité avec sa campagne «Êtes-vous en sécurité?» Améliorez votre cybersécurité avec Victrix.","","","admin@victrix","2023-06-06 16:52:41"
"page","7126","fr","draft","Évènement Victrix x Cask x Service Now - Mardi 20 mai 2025","https://www.victrix.ca/?page_id=7126","/?page_id=7126","siteorigin","","","oui","","BMI","2025-04-28 15:42:14"
"page","3526","en","publish","Contact us","https://www.victrix.ca/en/contact/","/en/contact/","siteorigin","Contact us | Contact our experts | Victrix","Victrix - Are you seeking for flexible IT solutions in greater Montreal and Quebec city ? Contact our experts for more details.","","62","BMI","2022-07-01 09:28:43"
"page","6340","fr","publish","Page de remerciement","https://www.victrix.ca/page-de-remerciement/","/page-de-remerciement/","siteorigin","","","oui","6879","admin@victrix","2024-06-17 22:05:06"
"page","6879","en","publish","Thank you page","https://www.victrix.ca/en/thank-you-page/","/en/thank-you-page/","siteorigin","","","","6340","admin@victrix","2024-12-23 22:01:34"
"page","8085","fr","publish","Voeux des fêtes","https://www.victrix.ca/voeux-des-fetes/","/voeux-des-fetes/","brizy","12 Idées pour célébrer les fêtes | Victrix","Découvrez notre liste d'idées pour célébrer les fêtes. Vivez des moments mémorables en famille, entre amis ou collègues avec les activités coups de cœur de notre équipe.","","8138","Julie Roy","2025-12-11 11:21:10"
"page","8138","en","publish","Holiday Wishes","https://www.victrix.ca/en/holiday-wishes/","/en/holiday-wishes/","brizy","12 Ideas to Celebrate the Holidays | Victrix","Explore our list of ideas to celebrate the holidays. Enjoy memorable moments with family, friends, or colleagues through our team's favorite festive activities.","","8085","Julie Roy","2025-12-11 11:25:03"
"page","11508","fr","publish","Liste de prix Check Point","https://www.victrix.ca/liste-prix-check-point/","/liste-prix-check-point/","brizy","","","oui","11515","Julie Roy","2026-02-17 15:45:49"
"page","11515","en","publish","Check Point Price List","https://www.victrix.ca/en/check-point-price-list/","/en/check-point-price-list/","brizy","","","oui","11508","Julie Roy","2026-02-17 15:45:36"
"expertise","105","fr","publish","Conseil stratégique","https://www.victrix.ca/expertise/conseil-strategique/","/expertise/conseil-strategique/","siteorigin","Conseil stratégique | Expertise multidisciplinaire | Victrix","Assurez la réussite de vos projets. Notre conseil stratégique couvre toutes nos expertises: cybersécurité, IA, infonuagique, productivité et services gérés.","","2993","admin@victrix","2022-02-14 15:52:41"
"expertise","112","fr","draft","Sécurité informatique et réseau","https://www.victrix.ca/?post_type=expertise&#038;p=112","/?post_type=expertise&p=112","siteorigin","Sécurité informatique et réseau pour entreprise | Victrix","Découvrez nos solutions de sécurité informatique pour entreprise. Améliorez votre posture de sécurité dès aujourd'hui grâce à nos experts en cybersécurité.","","","admin@victrix","2022-02-15 10:20:40"
"expertise","2984","en","publish","Cloud Services for Businesses","https://www.victrix.ca/en/expertise/cloud-services-provider/","/en/expertise/cloud-services-provider/","siteorigin","Cloud Services Tailored to Your Challenges | Expertise | Victrix","Migrate to a cloud solution tailored to your business reality. Victrix accelerates and simplifies your transition with customized cloud services.","","5780","admin@victrix","2022-05-09 18:46:39"
"expertise","2985","en","publish","Cybersecurity as a Business Asset","https://www.victrix.ca/en/expertise/cybersecurity/","/en/expertise/cybersecurity/","siteorigin","Cybersecurity as a Business Asset | Expertise | VictrixVictrix","Cybersecurity services tailored to your operational and regulatory reality. Risk management, data protection, and compliance with Victrix.","","6373","admin@victrix","2022-05-09 18:57:01"
"expertise","2986","en","publish","Productivity Consulting","https://www.victrix.ca/en/expertise/productivity-consulting/","/en/expertise/productivity-consulting/","siteorigin","Productivity Consulting Firm in Montreal | Expertise | Victrix","Looking to improve your company’s efficiency? Victrix offers customized productivity consulting and innovative productivity tools. Discover our solutions!","","5789","admin@victrix","2022-05-09 19:12:44"
"expertise","2993","en","publish","Strategic Consulting","https://www.victrix.ca/en/expertise/strategic-advice/","/en/expertise/strategic-advice/","siteorigin","Strategic Consulting | Multidisciplinary Expertise | Victrix","Secure the success of your projects. Our strategic consulting encompasses all our expertises: Cybersecurity, AI, Cloud, Productivity, and Managed Services.","","105","admin@victrix","2022-05-09 19:19:46"
"expertise","5437","fr","draft","Portail Cybersécurité Votre outil d’évaluation intégré","https://www.victrix.ca/?post_type=expertise&#038;p=5437","/?post_type=expertise&p=5437","siteorigin","Portail Cybersécurité | Outil cybersécurité intégré | Victrix","Analysez votre vulnérabilité avec notre Portail Cybersécurité. Bénéficiez d'un outil cybersécurité intégré pour évaluer vos éléments stratégiques à protéger.","","","admin@victrix","2023-08-14 20:26:51"
"expertise","5442","fr","draft","test- Conseil stratégique et informatique pour entreprise","https://www.victrix.ca/?post_type=expertise&#038;p=5442","/?post_type=expertise&p=5442","siteorigin","Conseil stratégique pour entreprise | Expertise TI | Victrix","Victrix est votre cabinet conseil stratégique et informatique. Bénéficiez de notre expertise pour vos stratégies de productivité, cloud, sécurité et services gérés.","","","admin@victrix","2026-03-03 13:33:31"
"expertise","5453","fr","publish","Ø Studio","https://www.victrix.ca/expertise/productivite/o-studio/","/expertise/productivite/o-studio/","siteorigin","Développement Microsoft Power Platform | Ø Studio | Victrix","Optimisez votre infrastructure TI avec nos experts en développement Microsoft Power Platform. Ø Studio, solution innovante exclusive à Victrix.","","5465","admin@victrix","2023-09-28 15:54:02"
"expertise","5454","fr","publish","Loi 25: Êtes-vous en conformité?","https://www.victrix.ca/expertise/conseil-strategique/conformite-loi-25/","/expertise/conseil-strategique/conformite-loi-25/","siteorigin","Loi 25: votre entreprise est-elle conforme? | Victrix","Victrix aide les grandes organisations à assurer leur conformité à la loi 25 sur la protection des renseignements personnels. Êtes-vous conforme?","","5520","admin@victrix","2023-08-21 13:33:18"
"expertise","5455","fr","publish","O bureau","https://www.victrix.ca/expertise/productivite/o-bureau/","/expertise/productivite/o-bureau/","siteorigin","Application de réservation de bureau | O bureau | Victrix","Gérez vos espaces de travail facilement avec O bureau, l'application de réservation de bureau la plus simple à piloter.","","5462","admin@victrix","2023-08-21 14:53:21"
"expertise","5456","fr","publish","Maximisez l’utilisation de votre écosystème M365","https://www.victrix.ca/expertise/services-ti-geres/maximisez-lutilisation-de-votre-ecosysteme-m365/","/expertise/services-ti-geres/maximisez-lutilisation-de-votre-ecosysteme-m365/","siteorigin","Services Gérés Microsoft 365 | Expertise | Victrix","Maximisez l'utilisation de M365 avec nos services gérés Microsoft 365. Victrix se charge des opérations de gestion et sécurité pour assurer votre conformité.","","5461","admin@victrix","2023-08-21 13:36:37"
"expertise","5457","fr","publish","Migration vers Microsoft Azure","https://www.victrix.ca/expertise/services-infonuagiques/migration-vers-azure/","/expertise/services-infonuagiques/migration-vers-azure/","siteorigin","Migration Microsoft Azure | Services aux entreprises | Victrix","Améliorez votre posture de sécurité, votre productivité et vos performances avec la migration vers Microsoft Azure, une expertise infonuagique de Victrix.","","5463","admin@victrix","2023-08-21 13:37:42"
"expertise","5458","fr","publish","Centre opérationnel de sécurité (SOC) évolutif","https://www.victrix.ca/expertise/cybersecurite/centre-operationnel-de-securite-evolutif/","/expertise/cybersecurite/centre-operationnel-de-securite-evolutif/","siteorigin","Centre opérationnel de sécurité | SOC évolutif | Victrix","Détection, réponse et amélioration continue de votre posture de sécurité avec SEvOC, notre centre opérationnel de sécurité (SOC) évolutif.","","5464","admin@victrix","2023-08-21 13:39:51"
"expertise","5461","en","publish","Maximize the use of your M365 ecosystem","https://www.victrix.ca/en/expertise/managed-it-services/maximize-the-use-of-your-m365-ecosystem/","/en/expertise/managed-it-services/maximize-the-use-of-your-m365-ecosystem/","siteorigin","Microsoft 365 Managed Services | Expertise | Victrix","Get the most out of M365 with our Microsoft 365 managed services. Victrix takes care of management and security operations to ensure your compliance.","","5456","admin@victrix","2023-08-21 13:50:33"
"expertise","5462","en","publish","Office booking app","https://www.victrix.ca/en/expertise/productivity-consulting/office-booking/","/en/expertise/productivity-consulting/office-booking/","siteorigin","Office Booking Application | Productivity | Victrix","Manage your workspaces with ease using O bureau, the easiest-to-use office booking app. Request a demo today.","","5455","admin@victrix","2023-08-21 13:52:13"
"expertise","5463","en","publish","Acceleration of Your Azure Migration","https://www.victrix.ca/en/expertise/cloud-services-provider/azure-migration/","/en/expertise/cloud-services-provider/azure-migration/","siteorigin","Microsoft Azure Migration and Services for Businesses | Victrix","Strengthen your security posture, improve productivity, and boost performance by migrating to Microsoft Azure, supported by Victrix’s cloud expertise.","","5457","admin@victrix","2023-08-21 15:34:55"
"expertise","5464","en","publish","Scalable Security Operations Center","https://www.victrix.ca/en/expertise/cybersecurity/scalable-security-operations-center/","/en/expertise/cybersecurity/scalable-security-operations-center/","siteorigin","Security Operations Center | Scalable SOC | Victrix","Detect, respond, and continuously improve your security posture with SEvOC, our scalable Security Operations Center (SOC).","","5458","admin@victrix","2023-08-21 13:58:46"
"expertise","5579","en","draft","Cybersecurity Portal Your Integrated Cybersecurity Tool","https://www.victrix.ca/en/?post_type=expertise&#038;p=5579","/en/?post_type=expertise&p=5579","siteorigin","Cybersecurity Portal | Integrated Cybersecurity Tool | Victrix","Assess your vulnerability with Lambda's Cybersecurity Portal. Use our integrated cybersecurity tool to identify the strategic elements that need protecting.","","","admin@victrix","2025-06-09 16:22:35"
"expertise","6323","fr","draft","Internet des objets (IoT) - Cybersécurité robuste avec Check Point","https://www.victrix.ca/?post_type=expertise&#038;p=6323","/?post_type=expertise&p=6323","siteorigin","Internet des objets (IoT) | Cybersécurité | Victrix","Bénéficiez de l’expertise internet des objets (IoT) et cybersécurité de Victrix et Check Point. Une solution IoT robuste et fiable pour les grandes organisations.","","","admin@victrix","2024-05-31 22:51:25"
"expertise","5465","en","publish","Ø Studio","https://www.victrix.ca/en/expertise/productivity-consulting/o-studio/","/en/expertise/productivity-consulting/o-studio/","siteorigin","Power Platform & Dynamics 365 Creation Studio","Deploy business applications at lightning speed with Ø Studio, your consulting and application development studio for Microsoft Power Platform and Dynamics 365.","","5453","admin@victrix","2023-08-21 14:00:42"
"expertise","5486","fr","publish","Plateforme Expérience Employé","https://www.victrix.ca/expertise/productivite/plateforme-employe-intranet/","/expertise/productivite/plateforme-employe-intranet/","siteorigin","L’IA au service de l’expérience employé et de l'intranet | Victrix","Bénéficiez de l'expertise en développement numérique de Victrix pour bâtir une plateforme employé intranet moderne basée sur Microsoft 365 et l'IA.","","5526","admin@victrix","2023-08-21 15:16:44"
"expertise","5497","en","publish","AWS Services by Cloud Experts","https://www.victrix.ca/en/expertise/cloud-services-provider/aws-services/","/en/expertise/cloud-services-provider/aws-services/","siteorigin","AWS Service Provider | AWS Cloud Solution Expertise | Victrix","Victrix provides a full range of AWS services to improve organizations' architecture, productivity and operational performance. Contact us now!","","5523","admin@victrix","2023-11-09 20:39:05"
"expertise","5520","en","publish","Law 25: Are you compliant?","https://www.victrix.ca/en/expertise/strategic-advice/law-25-compliance/","/en/expertise/strategic-advice/law-25-compliance/","siteorigin","","Victrix helps large organizations ensure their compliance with Law 25 on personal information protection. Are you compliant?","","5454","admin@victrix","2025-09-25 12:34:45"
"expertise","5523","fr","publish","Services AWS par des experts infonuagiques","https://www.victrix.ca/expertise/services-infonuagiques/services-aws/","/expertise/services-infonuagiques/services-aws/","siteorigin","Expertise AWS | Services aux entreprises | Victrix","Bénéficiez de l'expertise AWS de Victrix pour améliorer l'architecture, la productivité et la performance opérationnelle de votre entreprise.","","5497","admin@victrix","2023-10-24 23:02:47"
"expertise","5526","en","publish","EMPLOYEE EXPERIENCE PLATFORM","https://www.victrix.ca/en/expertise/productivity-consulting/employee-platform-intranet/","/en/expertise/productivity-consulting/employee-platform-intranet/","siteorigin","AI for the employee experience and the intranet | Victrix","Leverage Victrix's digital development expertise to build a modern intranet employee platform based on Microsoft 365 and AI.","","5486","admin@victrix","2023-08-23 21:30:07"
"expertise","5780","fr","publish","Services infonuagiques","https://www.victrix.ca/expertise/services-infonuagiques/","/expertise/services-infonuagiques/","siteorigin","Services infonuagiques adaptés à vos enjeux | Expertise | Victrix","Migrez vers une solution infonuagique adaptée à votre réalité d'affaires. Victrix accélère et simplifie votre transition avec des services infonuagiques sur mesure.","","2984","admin@victrix","2023-10-19 20:10:50"
"expertise","5789","fr","publish","Productivité","https://www.victrix.ca/expertise/productivite/","/expertise/productivite/","siteorigin","Améliorez la productivité en entreprise | Expertise | Victrix","Améliorez la productivité en entreprise avec des outils de productivité à la fine pointe de la technologie. Découvrez nos solutions!","","2986","admin@victrix","2023-11-01 17:26:59"
"expertise","6305","fr","publish","Pentest: testez votre sécurité informatique","https://www.victrix.ca/expertise/cybersecurite/test-intrusion-pentest/","/expertise/cybersecurite/test-intrusion-pentest/","siteorigin","Tests d'intrusion | Évaluez votre cybersécurité | Victrix","Évaluez et limitez votre vulnérabilité aux cyberattaques avec des tests d'intrusion réalisés par des experts en cybersécurité. Découvrez notre service.","","6350","admin@victrix","2024-05-07 22:49:24"
"expertise","6316","fr","publish","Passez au modèle de cybersécurité Zero Trust","https://www.victrix.ca/expertise/cybersecurite/zero-trust/","/expertise/cybersecurite/zero-trust/","siteorigin","Passez au modèle de cybersécurité Zero Trust | Victrix","Adoptez le modèle cybersécurité Zero Trust avec Victrix. Réduisez vos risques d’attaques et simplifiez la gestion des identités pour votre organisation.","","6348","admin@victrix","2024-05-28 23:24:18"
"expertise","6348","en","publish","Move to the Zero Trust Cybersecurity Model","https://www.victrix.ca/en/expertise/cybersecurity/zero-trust/","/en/expertise/cybersecurity/zero-trust/","siteorigin","Move to the Zero Trust Cybersecurity Model | Victrix","Adopt the Zero Trust cybersecurity model with Victrix. Reduce the risk of attack and simplify identity management for your organization.","","6316","admin@victrix","2024-06-18 22:51:09"
"expertise","6349","en","publish","Internet of Things — OT & IoT Security Services","https://www.victrix.ca/en/expertise/cybersecurity/internet-of-things-iot/","/en/expertise/cybersecurity/internet-of-things-iot/","siteorigin","OT/IOT Security Service | Cybersecurity | Victrix","Strengthen the security of your organization's connected objects with the IoT security service designed by Victrix's cybersecurity experts.","","6375","admin@victrix","2024-06-18 23:05:36"
"expertise","6350","en","publish","Pentest: improve your security posture","https://www.victrix.ca/en/expertise/cybersecurity/pentest/","/en/expertise/cybersecurity/pentest/","siteorigin","Penetration Testing Services | Assess Your Cybersecurity | Victrix","Assess and limit your exposure to cyber attacks with Victrix's penetration testing services. Take advantage of our state-of-the-art remediation support.","","6305","admin@victrix","2024-06-18 23:19:17"
"expertise","6369","fr","publish","Copilot Studio","https://www.victrix.ca/expertise/productivite/copilot-studio/","/expertise/productivite/copilot-studio/","siteorigin","Intégration de Microsoft Copilot Studio | Victrix","Bénéficiez d'un accompagnement personnalisé pour l'intégration de Microsoft Copilot Studio. Accélérez l’adoption grâce à Victrix.","","6503","admin@victrix","2024-08-13 23:27:47"
"expertise","6373","fr","publish","La cybersécurité au service de vos affaires","https://www.victrix.ca/expertise/cybersecurite/","/expertise/cybersecurite/","siteorigin","La cybersécurité au service de vos affaires | Expertise | Victrix","Services de cybersécurité adaptés à votre réalité opérationnelle et réglementaire. Gestion du risque, protection des données et conformité avec Victrix.","","2985","admin@victrix","2024-07-26 20:47:17"
"expertise","6375","fr","publish","Internet des objets IdO/IoT & OT — sécurité des objets connectés","https://www.victrix.ca/expertise/cybersecurite/internet-des-objets-service-iot/","/expertise/cybersecurite/internet-des-objets-service-iot/","siteorigin","Service IoT & OT — Internet des Objets | Cybersécurité | Victrix","Renforcez la sécurité des objets connectés de votre organisation avec le service IoT et OT conçu par les experts en cybersécurité chez Victrix.","","6349","admin@victrix","2024-07-26 15:48:32"
"expertise","6399","fr","publish","Cybersécurité dans le secteur de la santé","https://www.victrix.ca/expertise/cybersecurite/cybersecurite-sante/","/expertise/cybersecurite/cybersecurite-sante/","siteorigin","Cybersécurité | Secteur de la santé | Victrix","Découvrez notre offre de cybersécurité sur mesure pour le secteur de la santé. Protégez les données des patients et systèmes d’information contre toute attaque.","","7560","admin@victrix","2024-07-26 20:40:55"
"expertise","6503","en","publish","Copilot Studio","https://www.victrix.ca/en/expertise/productivity-consulting/copilot-studio/","/en/expertise/productivity-consulting/copilot-studio/","siteorigin","Copilot Implementation for Microsoft 365 | Victrix","Take advantage of our personalized, secure support for Microsoft 365 Copilot implementation. Accelerate adoption with Victrix.","","6369","admin@victrix","2024-10-24 21:14:18"
"expertise","6690","fr","publish","ServiceNow","https://www.victrix.ca/expertise/productivite/servicenow/","/expertise/productivite/servicenow/","siteorigin","Partenaire ServiceNow | Consultant & Services | Victrix","Choisissez Victrix, partenaire ServiceNow, pour être accompagné de l’achat aux services gérés. La plateforme de services la plus puissante renforcée par l’expertise.","","6710","admin@victrix","2024-11-18 21:30:08"
"expertise","6710","en","publish","ServiceNow","https://www.victrix.ca/en/expertise/productivity-consulting/servicenow/","/en/expertise/productivity-consulting/servicenow/","siteorigin","ServiceNow Partner | Consulting & Services | Victrix","Victrix is your ServiceNow partner from purchasing to managed services. Get tailored professional services and maximize the value of your service platform.","","6690","admin@victrix","2024-11-25 16:14:04"
"expertise","6875","fr","publish","Copilot pour Microsoft 365","https://www.victrix.ca/expertise/productivite/copilot-microsoft-365/","/expertise/productivite/copilot-microsoft-365/","siteorigin","Déploiement et adoption de Copilot pour Microsoft 365 | Victrix","Bénéficiez d'un accompagnement personnalisé et sécurisé pour accélérer la mise en œuvre et l’adoption de Copilot pour Microsoft 365 dans votre entreprise.","","6878","admin@victrix","2024-12-18 20:18:27"
"expertise","6878","en","publish","Copilot for Microsoft 365","https://www.victrix.ca/en/expertise/productivity-consulting/copilot-for-microsoft-365/","/en/expertise/productivity-consulting/copilot-for-microsoft-365/","siteorigin","","Get personalized, secure support to accelerate the implementation and adoption of Copilot for Microsoft 365 in your organization.","","6875","admin@victrix","2024-12-19 21:43:22"
"expertise","7098","fr","publish","Services Gérés","https://www.victrix.ca/expertise/services-ti-geres/","/expertise/services-ti-geres/","siteorigin","Services gérés TI | Gestion, Sécurité et Performance | Victrix","Sécurisez, optimisez et gouvernez vos TI avec nos services gérés adaptés. Surveillance, support et automatisation, pour une performance sans compromis.","","7115","Yohann Bove","2025-04-17 17:07:49"
"expertise","7115","en","publish","Managed Services","https://www.victrix.ca/en/expertise/managed-it-services/","/en/expertise/managed-it-services/","siteorigin","Managed IT Services | Security & Performance | Victrix","Secure, optimize, and manage your IT infrastructure with our tailored managed services. Monitoring, support, and automation for uncompromising performance.","","7098","admin@victrix","2025-04-17 19:29:44"
"expertise","7460","fr","publish","Intelligence Artificielle","https://www.victrix.ca/expertise/intelligence-artificielle/","/expertise/intelligence-artificielle/","siteorigin","Intelligence artificielle | Services | Victrix","Nos services en intelligence artificielle soutiennent votre entreprise dans le choix, l’intégration et l’adoption de solutions IA adaptées à vos enjeux d’affaires.","","7461","Julie Roy","2025-09-17 13:35:24"
"expertise","7461","en","publish","Artificial Intelligence","https://www.victrix.ca/en/expertise/artificial-intelligence/","/en/expertise/artificial-intelligence/","siteorigin","Artificial Intelligence | Services | Victrix","Our artificial intelligence services support your organization in selecting, integrating, and adopting AI solutions tailored to your business challenges.","","7460","Julie Roy","2025-09-17 13:35:30"
"expertise","7560","en","publish","Cybersecurity in the Healthcare Sector","https://www.victrix.ca/en/expertise/cybersecurity/cybersecurity-healthcare/","/en/expertise/cybersecurity/cybersecurity-healthcare/","siteorigin","Cybersecurity | Healthcare Sector | Victrix","Discover our customized cybersecurity offering for the healthcare sector. Protect patient data and information systems against any attack.","","6399","admin@victrix","2025-09-25 14:19:30"
"expertise","7655","fr","publish","Analyse des opportunités en intelligence artificielle","https://www.victrix.ca/expertise/intelligence-artificielle/analyse-opportunites-ia/","/expertise/intelligence-artificielle/analyse-opportunites-ia/","siteorigin","Exploration et analyse des opportunités en IA | Victrix","Victrix est votre partenaire stratégique pour l’analyse des opportunités IA, l’identification de cas d’usage à fort impact et une adoption sécuritaire et rentable.","","7657","Julie Roy","2025-10-27 10:22:59"
"expertise","7657","en","publish","Artificial Intelligence Opportunity Analysis","https://www.victrix.ca/en/expertise/artificial-intelligence/ai-opportunity-analysis/","/en/expertise/artificial-intelligence/ai-opportunity-analysis/","siteorigin","Artificial Intelligence Opportunity Analysis and Exploration | Victrix","Victrix is your strategic partner for AI opportunity analysis, the identification of high-impact use cases, and secure, cost-effective adoption.","","7655","Julie Roy","2025-10-27 10:23:09"
"expertise","7688","fr","publish","Licences et matériels","https://www.victrix.ca/expertise/approvisionnement-ti/","/expertise/approvisionnement-ti/","siteorigin","Approvisionnement TI | Achat et gestion de licences et matériels | Victrix","Découvrez nos services d'approvisionnement TI. Profitez d'un accompagnement sur mesure pour l'achat, la gestion et le renouvellement de vos licences et matériels.","","7721","Julie Roy","2025-11-10 12:52:25"
"expertise","7721","en","publish","Licenses and Equipments","https://www.victrix.ca/en/expertise/it-procurement/","/en/expertise/it-procurement/","siteorigin","IT Procurement | Licenses and Hardware Purchase and Management | Victrix","Discover Victrix’s IT procurement services. Benefit from tailored support for the purchase, management, and renewal of your software licenses and hardware assets.","","7688","Julie Roy","2025-11-10 12:52:35"
"expertise","7849","en","publish","Check Point","https://www.victrix.ca/en/expertise/it-procurement/check-point/","/en/expertise/it-procurement/check-point/","brizy","Check Point | Unified Cybersecurity Solutions | Victrix","Protect your digital workspace (network, exposure and AI security) with Check Point cybersecurity solutions distributed by Victrix. Request an assessment.","","7863","Julie Roy","2025-11-17 10:14:00"
"expertise","7863","fr","publish","Check Point","https://www.victrix.ca/expertise/approvisionnement-ti/check-point/","/expertise/approvisionnement-ti/check-point/","brizy","Check Point | Solutions de cybersécurité unifiées | Victrix","Protégez votre espace de travail numérique (réseau, exposition et sécurité IA) avec les solutions de cybersécurité Check Point distribuées par Victrix. Évaluation sur demande.","","7849","Julie Roy","2025-11-17 10:13:39"
"expertise","7894","fr","publish","Microsoft","https://www.victrix.ca/expertise/approvisionnement-ti/solutions-microsoft/","/expertise/approvisionnement-ti/solutions-microsoft/","brizy","Microsoft | Solutions de productivité, données et IA | Victrix","Passez d’outils fragmentés à un environnement structuré. Victrix accompagne la sélection, le déploiement et l’adoption des solutions Microsoft. Évaluation sur demande.","","7909","Julie Roy","2025-11-17 10:35:58"
"expertise","7909","en","publish","Microsoft","https://www.victrix.ca/en/expertise/it-procurement/microsoft-solutions/","/en/expertise/it-procurement/microsoft-solutions/","brizy","%%title%% | Productivity, Data, and AI Solutions | Victrix","Move from fragmented tools to a structured environment. Victrix supports the selection, deployment, and adoption of Microsoft solutions. Assessment on request.","","7894","Julie Roy","2025-11-17 10:44:33"
"expertise","8291","fr","publish","ServiceNow","https://www.victrix.ca/expertise/approvisionnement-ti/servicenow/","/expertise/approvisionnement-ti/servicenow/","brizy","ServiceNow | Automatisez vos processus | Victrix","Tirez parti des avantages de l’automatisation avec les solutions ServiceNow distribuées par Victrix. Déploiement accéléré. Évaluation sur demande.","","8688","Julie Roy","2025-12-05 14:39:03"
"expertise","8688","en","publish","ServiceNow","https://www.victrix.ca/en/expertise/it-procurement/servicenow/","/en/expertise/it-procurement/servicenow/","brizy","ServiceNow | Automate Your Processes | Victrix","Harness the full benefits of automation with ServiceNow solutions distributed by Victrix. Accelerated deployment. Personalized assessment on request.","","8291","Julie Roy","2025-12-05 14:39:16"
"expertise","9127","fr","publish","CrowdStrike","https://www.victrix.ca/expertise/approvisionnement-ti/crowdstrike-falcon/","/expertise/approvisionnement-ti/crowdstrike-falcon/","brizy","CrowdStrike Falcon | Bloquez les attaques avant l'impact | Victrix","Renforcez la protection des terminaux, identités et environnements infonuagiques avec les solutions CrowdStrike Falcon distribuées par Victrix. Évaluation sur demande.","","9128","Julie Roy","2025-12-05 14:38:56"
"expertise","9128","en","publish","CrowdStrike Falcon","https://www.victrix.ca/en/expertise/it-procurement/crowdstrike-falcon/","/en/expertise/it-procurement/crowdstrike-falcon/","brizy","CrowdStrike Falcon | Block Attacks Before Impact | Victrix","Strengthen endpoints, identities, and cloud protection with CrowdStrike Falcon solutions distributed by Victrix. Personalized assessment on request.","","9127","Julie Roy","2025-12-05 14:39:09"
"expertise","9770","fr","publish","Landing Démo O bureau","https://www.victrix.ca/expertise/productivite/o-bureau/demo-o-bureau/","/expertise/productivite/o-bureau/demo-o-bureau/","brizy","O bureau | Réservation d'espace de travail | Demandez une démo | Victrix","Facilitez le retour au bureau avec O bureau, la solution connectée de réservation d'espace de travail. Demandez une démonstration dès aujourd'hui.","","10079","Julie Roy","2025-12-08 16:59:25"
"expertise","10079","en","publish","Landing Démo O bureau EN","https://www.victrix.ca/en/expertise/productivity-consulting/office-booking/landing-demo-obureau/","/en/expertise/productivity-consulting/office-booking/landing-demo-obureau/","brizy","O bureau | Workspace Reservation | Request a demo | Victrix","Make returning to the office easier with O bureau, the connected workspace reservation solution. Request a demo today.","","9770","Julie Roy","2025-12-08 16:59:32"
"expertise","10124","fr","publish","Zscaler","https://www.victrix.ca/expertise/approvisionnement-ti/zscaler/","/expertise/approvisionnement-ti/zscaler/","brizy","Zscaler | sécurité zéro confiance renforcée par l’IA | Victrix","Renforcez vos contrôles d’accès et la résilience de vos opérations. Adoptez les solutions Zscaler, distribuées par Victrix. Évaluation sur demande.","","10382","Julie Roy","2025-12-19 11:14:29"
"expertise","10382","en","publish","Zscaler Solutions","https://www.victrix.ca/en/expertise/it-procurement/zscaler/","/en/expertise/it-procurement/zscaler/","brizy","Zscaler | Zero Trust Security Powered by AI | Victrix","Strengthen access controls and improve operational resilience. Adopt Zscaler’s Zero Trust solutions, distributed by Victrix. Assessment on request.","","10124","Julie Roy","2025-12-19 11:52:44"
"expertise","10651","en","publish","Cisco","https://www.victrix.ca/en/expertise/it-procurement/cisco/","/en/expertise/it-procurement/cisco/","brizy","Cisco | Solutions for Network, Security and IT Infrastructure | Victrix","Support the growth of your IT environments with reliable, scalable Cisco solutions. Request your personalized assessment today.","","10818","Julie Roy","2026-01-12 14:03:58"
"expertise","10818","fr","publish","Solutions Cisco","https://www.victrix.ca/expertise/approvisionnement-ti/cisco/","/expertise/approvisionnement-ti/cisco/","brizy","Cisco | Solutions réseau, sécurité et infrastructures TI | Victrix","Appuyez la croissance de vos environnements TI sur des solutions Cisco fiables et évolutives. Demandez votre évaluation personnalisée dès aujourd’hui.","","10651","Julie Roy","2026-01-12 14:03:50"
"expertise","10944","fr","publish","Palo Alto Networks FR","https://www.victrix.ca/expertise/approvisionnement-ti/palo-alto-networks/","/expertise/approvisionnement-ti/palo-alto-networks/","brizy","Palo Alto Networks | Moins d’outils. Plus de contrôle. | Victrix","Victrix facilite l'acquisition des solutions Palo Alto Networks pour consolider votre cybersécurité. Évaluation personnalisée sur demande.","","11152","Julie Roy","2026-01-30 12:49:33"
"expertise","11152","en","publish","Palo Alto Networks","https://www.victrix.ca/en/expertise/it-procurement/palo-alto-networks/","/en/expertise/it-procurement/palo-alto-networks/","brizy","Palo Alto Networks | Fewer Tools. Better Control. | Victrix","Victrix simplifies the acquisition of Palo Alto Networks solutions to consolidate your cybersecurity. Personalized assessment available upon request.","","10944","Julie Roy","2026-01-30 12:47:28"
"expertise","11887","fr","publish","Dell Technologies FR","https://www.victrix.ca/expertise/approvisionnement-ti/dell-technologies/","/expertise/approvisionnement-ti/dell-technologies/","brizy","Dell Technologies | Environnements TI maîtrisés | Victrix","Victrix facilite l'acquisition des solutions Dell Technologies pour structurer des environnements TI cohérents et durables. Demandez une estimation dès maintenant.","","12304","Julie Roy","2026-02-04 12:40:56"
"expertise","12304","en","publish","Dell Technologies","https://www.victrix.ca/en/expertise/it-procurement/dell-technologies/","/en/expertise/it-procurement/dell-technologies/","brizy","Dell Technologies | Structured IT Environments | Victrix","Victrix simplifies the acquisition of Dell Technologies solutions to help structure coherent, sustainable IT environments. Request a quote today.","","11887","Julie Roy","2026-02-04 12:44:55"
"expertise","12959","fr","publish","HPE Networking fr","https://www.victrix.ca/expertise/approvisionnement-ti/hpe-networking/","/expertise/approvisionnement-ti/hpe-networking/","brizy","HPE Networking | Gouvernez et sécurisez vos réseaux | Victrix","Sécurisez et standardisez votre réseau avec HPE Aruba et HPE Juniper. Victrix facilite l'acquisition et l'intégration des solutions HPE Networking à grande échelle.","","13489","Julie Roy","2026-02-18 12:17:45"
"expertise","13489","en","publish","HPE Networking","https://www.victrix.ca/en/expertise/it-procurement/hpe-networking/","/en/expertise/it-procurement/hpe-networking/","brizy","HPE Networking | Govern and Secure Your Networks | Victrix","Secure and standardize your network with HPE Aruba and HPE Juniper. Victrix streamlines the acquisition and integration of HPE Networking solutions at scale.","","12959","Julie Roy","2026-02-18 12:17:34"
"expertise","13963","fr","publish","Protégé&nbsp;: Documents O bureau","https://www.victrix.ca/expertise/productivite/o-bureau/documents-o-bureau/","/expertise/productivite/o-bureau/documents-o-bureau/","brizy","","","oui","","Julie Roy","2026-04-07 13:21:28"
"expertise","14718","fr","publish","Dynamics 365 Field Service","https://www.victrix.ca/expertise/productivite/dynamics-365-field-service/","/expertise/productivite/dynamics-365-field-service/","siteorigin","Implémentation Dynamics 365 Field Service | Services | Victrix","Implémentation Dynamics 365 Field Service. Optimisez vos opérations terrain: planification, résolution au premier appel et ROI prouvé. Planifiez une consultation.","","14723","Julie Roy","2026-06-17 09:52:11"
"expertise","14723","en","publish","Dynamics 365 Field Service","https://www.victrix.ca/en/expertise/productivity-consulting/dynamics-365-field-service/","/en/expertise/productivity-consulting/dynamics-365-field-service/","siteorigin","Dynamics 365 Field Service Implementation | Services | Victrix","Dynamics 365 Field Service Implementation. Optimize your field operations: scheduling, first-time fix, and proven ROI. Schedule a consultation.","","14718","Julie Roy","2026-06-17 12:16:50"
"expertise","14876","fr","publish","Accompagnement en intelligence artificielle","https://www.victrix.ca/expertise/intelligence-artificielle/accompagnement/","/expertise/intelligence-artificielle/accompagnement/","siteorigin","Accompagnement en intelligence artificielle | Services | Victrix","Structurez, gouvernez et concrétisez vos initiatives IA avec l’accompagnement en intelligence artificielle de Victrix. Planifiez une consultation IA.","","14881","Julie Roy","2026-07-16 16:54:51"
"expertise","14881","en","publish","Artificial Intelligence Consulting","https://www.victrix.ca/en/expertise/artificial-intelligence/consulting/","/en/expertise/artificial-intelligence/consulting/","siteorigin","Strategic Artificial Intelligence Consulting | Services | Victrix","Structure, govern, and succeed with AI with Victrix's artificial intelligence consulting, from vision to execution. Schedule an AI consultation.","","14876","Julie Roy","2026-07-16 16:54:00"
"expertise","14904","fr","publish","Landing – Accompagnement IA","https://www.victrix.ca/expertise/intelligence-artificielle/accompagnement-ia/","/expertise/intelligence-artificielle/accompagnement-ia/","brizy","Réussissez votre virage IA de manière durable | Accompagnement en IA | Victrix","Réussissez votre virage IA durablement. Découvrez l'offre d'accompagnement en IA de Victrix. Planifiez une consultation dès aujourd'hui.","oui","14927","Julie Roy","2026-07-16 16:32:57"
"expertise","14927","en","publish","Landing – AI Consulting","https://www.victrix.ca/en/expertise/artificial-intelligence/landing-ai-consulting/","/en/expertise/artificial-intelligence/landing-ai-consulting/","brizy","Make Your AI Shift a Lasting Success | AI Consulting | Victrix","Make your AI transformation a lasting success. Discover Victrix’s AI consulting services. Schedule a consultation today.","oui","14904","Julie Roy","2026-07-16 16:32:47"
"dlm_download","3435","fr","publish","Votre cybersécurité en accéléré -  SEvOC","https://www.victrix.ca/document/cybersecurite/","/document/cybersecurite/","html","Votre cybersécurité en accéléré | SEvOC | Victrix","Une priorité du SEvOC. Découvrez comment nous pouvons accélérer votre cybersécurité pour vous permettre d’optimiser vos outils.","","","admin@victrix","2024-09-02 14:20:41"
"dlm_download","4214","fr","publish","Pourquoi gérez-vous encore vos TI ?","https://www.victrix.ca/document/pourquoi-gerez-vous-encore-vos-ti/","/document/pourquoi-gerez-vous-encore-vos-ti/","html","Pourquoi gérez-vous encore vos TI ? | Victrix","Utilisez les services gérés Victrix afin d’améliorer l’efficacité de votre organisation et de diminuer les coûts de vos opérations en TI.","","","admin@victrix","2023-02-07 19:27:04"
"dlm_download","6223","fr","publish","Licences Microsoft Power Platform: comment s’y retrouver?","https://www.victrix.ca/document/licences-microsoft-power-platform/","/document/licences-microsoft-power-platform/","html","Licences Microsoft Power Platform: comment s’y retrouver? Victrix","Choisir la bonne licence Microsoft Power Platform, adaptée à son organisation, peut devenir compliqué. Découvrez notre guide pour simplifier votre décision.","","","admin@victrix","2024-03-07 21:50:39"
"dlm_download","6663","fr","draft","Microsoft Copilot : Cas pratiques et conseils pour une adoption réussie","https://www.victrix.ca/?post_type=dlm_download&#038;p=6663","/?post_type=dlm_download&p=6663","html","Webinaire Microsoft Copilot : Cas pratiques et conseils","Visionnez ce webinaire exclusif pour comprendre comment Microsoft Copilot peut révolutionner vos processus de travail.","","","admin@victrix","2024-11-13 00:44:44"
"dlm_download","7567","fr","publish","Webinaire Copilot - Du buzz à l'impact réel","https://www.victrix.ca/document/webinaire-copilot-buzz-impact/","/document/webinaire-copilot-buzz-impact/","html","","Téléchargez notre webinaire copilot dès maintenant et repartez avec une vision claire pour intégrer l’IA dans vos décisions stratégiques.","","","Julie Roy","2025-09-26 09:47:28"
"post","3250","fr","publish","Meilleures pratiques en sécurité opérationnelle : La maintenance","https://www.victrix.ca/partie-1-meilleures-pratiques-en-securite-operationnelle-la-maintenance/","/partie-1-meilleures-pratiques-en-securite-operationnelle-la-maintenance/","siteorigin","Pratiques en sécurité opérationnelle | La maintenance | Victrix","Victrix - Meilleures pratiques en sécurité opérationnelle : La maintenance et comment entretenir vos infrastructures informatiques.","","3287","admin@victrix","2022-05-11 16:27:34"
"post","3259","fr","publish","Meilleures pratiques en sécurité opérationnelle : La surveillance","https://www.victrix.ca/partie-2-meilleures-pratiques-en-securite-operationnelle-la-surveillance/","/partie-2-meilleures-pratiques-en-securite-operationnelle-la-surveillance/","siteorigin","Pratiques en sécurité opérationnelle | La surveillance | Victrix","Victrix - Meilleures pratiques en sécurité opérationnelle : La surveillance et comment garder un suivi sur votre sécurité.","","3290","admin@victrix","2022-05-11 16:30:47"
"post","3263","fr","publish","Meilleures pratiques en sécurité opérationnelle : La défense","https://www.victrix.ca/partie-3-meilleures-pratiques-en-securite-operationnelle-la-defense/","/partie-3-meilleures-pratiques-en-securite-operationnelle-la-defense/","siteorigin","Pratiques sécurité opérationnelle | La défense | Victrix","Victrix - Meilleures pratiques en sécurité opérationnelle : La défense et comment faire en sorte que vôtre infrastructure soit protégée","","3295","admin@victrix","2022-05-11 16:32:17"
"post","3287","en","publish","Best Practices in Operational Safety : Maintenance","https://www.victrix.ca/en/best-practices-in-operational-safety-maintenance/","/en/best-practices-in-operational-safety-maintenance/","siteorigin","Best Practices in Operational Safety : Maintenance | Victrix","Victrix - Best Practices in Operational Safety : Maintenance and how to keep your infrastructure healthy and working optimally","","3250","admin@victrix","2022-05-11 17:15:50"
"post","3290","en","publish","Best Practices in Operational Security : Monitoring","https://www.victrix.ca/en/part-2-best-practices-in-operational-security-monitoring/","/en/part-2-best-practices-in-operational-security-monitoring/","siteorigin","Best Practices in Operational Security Monitoring | Victrix","Victrix - Best Practices in Operational Security : Monitoring and how to keep an eye on the wellbeing of your infrastructure","","3259","admin@victrix","2022-05-11 17:16:29"
"post","3295","en","publish","Best Practices in Operational Security : Defense","https://www.victrix.ca/en/part-3-best-practices-in-operational-security-defense/","/en/part-3-best-practices-in-operational-security-defense/","siteorigin","Best Practices in Operational Security : Defense | Victrix","Victrix - Best Practices in Operational Security : Defense and how to improve security - SEVOC video tutorial","","3263","admin@victrix","2022-05-11 17:16:47"
"post","3683","fr","draft","Gestion des activités de recouvrement amiable et contentieux ","https://www.victrix.ca/?p=3683","/?p=3683","siteorigin","","","","","BMI","2022-10-26 21:22:23"
"post","3975","fr","draft","Organisme sans but lucratif en information juridique","https://www.victrix.ca/?p=3975","/?p=3975","siteorigin","","","","","BMI","2022-10-26 22:17:23"
"post","5635","fr","publish","Externalisation du SOC: avantages & inconvénients","https://www.victrix.ca/externalisation-soc-avantages-inconvenients/","/externalisation-soc-avantages-inconvenients/","siteorigin","Externalisation du SOC: avantages & inconvénients | Victrix","Vous considérez l’externalisation du SOC de votre entreprise? Découvrez tous les avantages et inconvénients d’un SOC externe ainsi que l’offre exclusive de Victrix.","","5746","admin@victrix","2023-10-04 21:06:02"
"post","5746","en","publish","SOC Outsourcing for SMBs: Pros & Cons","https://www.victrix.ca/en/soc-outsourcing-pros-cons/","/en/soc-outsourcing-pros-cons/","siteorigin","SOC Outsourcing Services for SMBs: Pros & Cons | Victrix","Are you considering SOC outsourcing for your company? Find out all about the advantages and disadvantages of an external SOC and Victrix’s exclusive offer.","","5635","admin@victrix","2023-10-04 21:24:14"
"post","5790","fr","publish","Zero Trust Network Access (ZTNA): modèle de cybersécurité optimal","https://www.victrix.ca/zero-trust-network-access-ztna/","/zero-trust-network-access-ztna/","siteorigin","Zero Trust Network Access (ZTNA) | Cybersécurité | Victrix","Découvrez tout au sujet du modèle ZTNA (Zero Trust Network Access) en cybersécurité et l’approche de Victrix pour assurer une sécurité optimale de vos réseaux.","","5830","admin@victrix","2023-10-18 15:48:13"
"post","5830","en","publish","Zero Trust Network Access (ZTNA): Ultimate Cybersecurity Model","https://www.victrix.ca/en/zero-trust-network-access-ztna/","/en/zero-trust-network-access-ztna/","siteorigin","Zero Trust Network Access (ZTNA) | Cybersecurity | Victrix","Find out all about the ZTNA (Zero Trust Network Access) model in cybersecurity and Victrix's approach to ensuring maximum security for your organization’s networks","","5790","admin@victrix","2023-10-18 22:48:58"
"post","5883","fr","publish","SASE Cloud: Qu’est-ce que le Secure Access Service Edge?","https://www.victrix.ca/sase-cloud/","/sase-cloud/","siteorigin","SASE Cloud: Secure Access Service Edge | Cybersécurité | Victrix","Découvrez la solution SASE cloud (Secure Access Service Edge) pour améliorer votre sécurité informatique et connectivité. Confiez votre cybersécurité à Victrix.","","5938","admin@victrix","2023-11-02 21:57:11"
"post","5938","en","publish","SASE Cloud: What Is Secure Access Service Edge?","https://www.victrix.ca/en/sase-cloud/","/en/sase-cloud/","siteorigin","SASE Cloud: Secure Access Service Edge | Cybersecurity | Victrix","Explore the SASE cloud solution (Secure Access Service Edge) to enhance your IT security and connectivity. Victrix improves your security posture.","","5883","admin@victrix","2023-11-02 22:15:24"
"post","6116","fr","publish","Ransomware (rançongiciels): 8 façons de se protéger","https://www.victrix.ca/ransomware-rancongiciels/","/ransomware-rancongiciels/","siteorigin","Ransomware (rançongiciels): 8 façons de se protéger | Victrix","Découvrez tout sur les ransomware (rançongiciels) et comment protéger votre organisation. Victrix, votre partenaire pour une posture de sécurité irréprochable.","","6155","admin@victrix","2023-11-30 22:29:10"
"post","6155","en","publish","Ransomware: 8 Ransomware Protection Tips for Organizations","https://www.victrix.ca/en/ransomware-protection-tips/","/en/ransomware-protection-tips/","siteorigin","8 Ransomware Protection Tips for Organizations | Victrix","Learn all about ransomware and how to protect your organization against them. Victrix is your partner to maintain a security posture beyond reproach.","","6116","admin@victrix","2023-11-30 22:27:50"
"post","6182","fr","publish","Démystifier les applications Microsoft Viva","https://www.victrix.ca/applications-microsoft-viva-demystifier-viva/","/applications-microsoft-viva-demystifier-viva/","siteorigin","Applications Microsoft Viva: démystifier Viva | Victrix","Explorez les applications Microsoft Viva et découvrez comment cette plateforme expérience employé stimule la productivité et l’engagement de vos équipes","","6194","admin@victrix","2024-02-15 16:09:31"
"post","6194","en","publish","Demystifying All Microsoft Viva Apps","https://www.victrix.ca/en/microsoft-viva-apps/","/en/microsoft-viva-apps/","siteorigin","Microsoft Viva Apps: Demystifying Viva | Victrix","Explore Microsoft Viva apps and discover how this employee experience platform boosts the productivity and engagement of your teams.","","6182","admin@victrix","2024-02-15 16:13:15"
"post","6276","fr","publish","Gouvernance Power Platform: Conseils et accompagnement","https://www.victrix.ca/gouvernance-power-platform-conseils/","/gouvernance-power-platform-conseils/","siteorigin","Gouvernance Power Platform: Conseil et accompagnement | Victrix","Découvrez ce qu’est la gouvernance Power Platform. Maîtrisez le potentiel de vos apps et bénéficiez de conseils et d’un accompagnement personnalisé avec Victrix.","","6299","admin@victrix","2024-05-03 21:18:32"
"post","6299","en","publish","Power Platform Governance: Advice and Support","https://www.victrix.ca/en/power-platform-governance-advice/","/en/power-platform-governance-advice/","siteorigin","%%title%% %%page%% | %%sitename%%","Learn about Power Platform governance. Find out how to maximize the potential of your apps, and get personalized advice and support from Victrix.","","6276","admin@victrix","2024-08-15 17:02:53"
"post","6306","fr","publish","Loi 25: protection des renseignements personnels au Québec","https://www.victrix.ca/loi-25-donnees-personnelles-guide/","/loi-25-donnees-personnelles-guide/","siteorigin","Loi 25 données personnelles | Guide loi et exigences | Victrix","Lisez notre guide et apprenez comment les organisations se conforment aux exigences de la loi 25 sur la protection des données personnelles.","","6505","admin@victrix","2024-09-09 21:43:15"
"post","6505","en","publish","Law 25: Personal Data Protection in Quebec","https://www.victrix.ca/en/law-25-personal-data-guide/","/en/law-25-personal-data-guide/","siteorigin","Law 25 Personal Data | Law and Requirements Guide | Victrix","Read our guide and learn how organizations comply with the requirements of Law 25 on the protection of personal data. For more help, contact Victrix.","","6306","admin@victrix","2024-09-12 22:09:16"
"post","6520","fr","publish","Victrix développe son offre cybersécurité en France","https://www.victrix.ca/developpement-offre-cybersecurite-france/","/developpement-offre-cybersecurite-france/","siteorigin","","En se rapprochant de COMITEM, Victrix étend son offre cybersécurité en France dans le cadre de la stratégie de marques fortes lancée par Alan Allman Associates.","","6526","admin@victrix","2024-09-16 16:16:50"
"post","6526","en","publish","Victrix expands its cybersecurity offering in France","https://www.victrix.ca/en/expands-cybersecurity-offering-france/","/en/expands-cybersecurity-offering-france/","siteorigin","","By joining forces with COMITEM, Victrix is expanding its offering in France as part of the strong branding strategy launched by Alan Allman Associates.","","6520","admin@victrix","2024-09-16 16:27:12"
"post","6532","fr","publish","Sécurité IoT: Comprendre les défis pour les entreprises","https://www.victrix.ca/securite-iot-defis/","/securite-iot-defis/","siteorigin","Comprendre les défis de la sécurité IoT | Victrix","Découvrez les principaux défis de sécurité IoT. Apprenez comment protéger vos dispositifs connectés contre les menaces de cybersécurité.","","6545","admin@victrix","2024-09-30 22:26:57"
"post","6545","en","publish","IoT Security: Understanding the Challenges for Enterprises","https://www.victrix.ca/en/iot-security-challenges/","/en/iot-security-challenges/","siteorigin","Understanding IoT Security Challenges | Victrix","Discover the top IoT security challenges. Learn how to protect your connected devices from cybersecurity threats.","","6532","admin@victrix","2024-09-30 23:04:47"
"post","6563","fr","publish","Audit de cybersécurité: Gérer le risque et la conformité","https://www.victrix.ca/audit-cybersecurite/","/audit-cybersecurite/","siteorigin","Audit de cybersécurité: Gérer le risque et la conformité | Victrix","Assurez votre conformité et réduisez vos risques grâce à l’audit de cybersécurité. Découvrez les avantages de l’audit de votre organisation avec Victrix.","","6582","admin@victrix","2024-10-08 19:30:26"
"post","6577","fr","publish","Réglementation DORA: mise en conformité du secteur financier","https://www.victrix.ca/reglementation-dora/","/reglementation-dora/","siteorigin","Réglementation DORA | Conformité et résilience | Victrix","Découvrez la réglementation DORA, ses exigences et comment assurer la mise en conformité de votre institution financière à cette norme grâce à Victrix.","","6599","admin@victrix","2024-10-14 09:21:12"
"post","6582","en","publish","Cybersecurity Risk Assessment Audit to Manage Risk & Compliance","https://www.victrix.ca/en/cybersecurity-risk-audit/","/en/cybersecurity-risk-audit/","siteorigin","Cybersecurity Risk Assessment Audit | Risk & Compliance | Victrix","Ensuring compliance and de-risking starts with a cybersecurity risk assessment audit. Discover the benefits of auditing your organization with Victrix.","","6563","admin@victrix","2024-10-08 19:40:10"
"post","6599","en","publish","DORA Regulation: Compliance for the Financial Sector","https://www.victrix.ca/en/dora-regulation/","/en/dora-regulation/","siteorigin","DORA regulation | Compliance and resilience | Victrix","Learn more about the DORA regulation, its requirements, and how Victrix can help your financial institution comply.","","6577","admin@victrix","2024-10-14 16:43:10"
"post","6614","fr","publish","Pentest Cybersécurité: portrait complet de votre résilience","https://www.victrix.ca/pentest-cybersecurite/","/pentest-cybersecurite/","siteorigin","Pentest Cybersécurité: portrait complet de résilience | Victrix","Pour une prise de conscience élevée sur votre résilience, le pentest cybersécurité surpasse l’audit de vulnérabilité. Découvrez ce piratage éthique avec Victrix.","","6631","admin@victrix","2024-10-17 22:45:47"
"post","6631","en","publish","Penetration Testing: A Holistic View of Your Resilience","https://www.victrix.ca/en/penetration-testing/","/en/penetration-testing/","siteorigin","Penetration Testing: Holistic View of Your Resilience | Victrix","For a deeper understanding of your resilience, cybersecurity penetration testing outperforms vulnerability assessments. Discover the reasons why with Victrix.","","6614","admin@victrix","2024-10-17 23:00:32"
"post","6675","fr","publish","Nomination Dominic Lajoie - COO/CIO de Victrix","https://www.victrix.ca/nomination-dominic-lajoie/","/nomination-dominic-lajoie/","siteorigin","Nomination Dominic Lajoie - COO/CIO | Victrix","Découvrez l’arrivée de Dominic Lajoie en tant que COO/CIO de Victrix. Vision, expertise en IA, cybersécurité et ServiceNow : une nomination clé pour notre croissance.","","6682","admin@victrix","2024-11-14 16:31:02"
"post","6682","en","publish","Dominic Lajoie Appointed COO and CIO of Victrix","https://www.victrix.ca/en/dominic-lajoie-appointed/","/en/dominic-lajoie-appointed/","siteorigin","","Find out more about the arrival of Dominic Lajoie as COO and CIO. Vision, expertise in AI, cybersecurity and ServiceNow: a key appointment for our growth.","","6675","admin@victrix","2024-11-14 20:22:04"
"post","6713","fr","publish","Comprendre la directive NIS2 pour assurer sa conformité","https://www.victrix.ca/directive-nis2/","/directive-nis2/","siteorigin","Directive NIS2: Assurez votre conformité | Victrix","Parcourez le guide de nos experts en cybersécurité sur la directive NIS2 pour découvrir si vous y êtes assujettis et comment assurer votre conformité.","","6761","admin@victrix","2024-11-27 23:11:16"
"post","6761","en","publish","Understanding the NIS2 Directive to Ensure Compliance","https://www.victrix.ca/en/nis2-directive/","/en/nis2-directive/","siteorigin","NIS2 Directive: Ensure your Compliance | Victrix","Browse our cybersecurity experts’ guide to the NIS2 directive to find out if you’re concerned, and learn how to ensure your compliance.","","6713","admin@victrix","2024-11-28 11:19:54"
"post","6767","fr","publish","Sécurité Internet des Objets: enjeux et solutions pour différents secteurs","https://www.victrix.ca/securite-internet-des-objets/","/securite-internet-des-objets/","siteorigin","Sécurité Internet des Objets: enjeux et solutions | Victrix","Découvrez nos solutions pour répondre aux principaux défis des grandes organisations et de divers secteurs en matière de sécurité Internet des Objets.","","6777","admin@victrix","2024-12-03 23:41:45"
"post","6777","en","publish","Internet of Things Security: Issues & Solutions for Diverse Sectors","https://www.victrix.ca/en/internet-of-things-security/","/en/internet-of-things-security/","siteorigin","Internet of Things Security: Issues & Solutions | Victrix","Explore our solutions for addressing the main Internet of Things (IoT) security challenges faced by large enterprises in various sectors.","","6767","admin@victrix","2024-12-04 00:03:11"
"post","6895","fr","publish","8 Tendances TI en 2025: Repenser vos services TI pour plus d'efficacité","https://www.victrix.ca/tendances-ti/","/tendances-ti/","siteorigin","8 Tendances TI en 2025: Élevez votre efficacité d’affaires | Victrix","Découvrez les 8 tendances TI qui invitent à repenser les services TI. Optimisez performance et cybersécurité avec un fournisseur qui répond aux nouveaux défis.","","6932","admin@victrix","2025-01-17 22:47:56"
"post","7042","fr","publish","Victrix annonce la nomination de Dominic Lajoie en tant que CEO","https://www.victrix.ca/annonce-nomination-ceo/","/annonce-nomination-ceo/","siteorigin","","Victrix franchit une nouvelle étape clé de son développement avec la nomination de Dominic Lajoie au poste de CEO.","","7046","admin@victrix","2025-03-05 20:47:48"
"post","3864","fr","publish","Une journée dans la vie d’un analyste en sécurité des opérations","https://www.victrix.ca/une-journee-dans-la-vie-secops/","/une-journee-dans-la-vie-secops/","siteorigin","Journée d’un analyste en sécurité des opérations | Victrix","Découvrez le fonctionnement de Microsoft Sentinel dans le format «Une journée dans la vie d’un analyste en sécurité des opérations (SecOps)","","","BMI","2022-10-19 19:03:47"
"post","5241","fr","publish","Les équipes de la Société Conseil Lambda rejoignent les équipes Victrix","https://www.victrix.ca/societe-conseil-lambda-victrix/","/societe-conseil-lambda-victrix/","html","La société Conseil Lambda rejoint les équipes Victrix","La Société Conseil Lambda rejoint Victrix, pour devenir le plus grand cabinet en diagnostic, conseil de solutions en sécurité du Québec","","","BMI","2023-07-05 18:12:06"
"post","6932","en","publish","8 New Trends in IT in 2025: Rethinking Your IT Services for Greater Efficiency","https://www.victrix.ca/en/it-trends/","/en/it-trends/","siteorigin","8 New Trends in IT in 2025: Elevate Your Business Efficiency | Victrix","Discover the 8 new trends in IT that call for a rethink of IT services. Optimize performance and cybersecurity with a MSP ready to tackle new challenges.","","6895","Julie Roy","2025-01-17 23:34:18"
"post","6938","fr","publish","Démystifier les fonctionnalités de Microsoft Copilot et son intégration aux outils M365","https://www.victrix.ca/fonctionnalites-microsoft-copilot/","/fonctionnalites-microsoft-copilot/","siteorigin","Explorez les fonctionnalités de Microsoft Copilot | Victrix","Explorez les capacités de l’IA générative avec les fonctionnalités de Microsoft Copilot. Victrix révèle le pouvoir de l’IA intégré à vos outils M365.","","6957","Julie Roy","2025-01-29 18:17:55"
"post","6957","en","publish","Demystifying Microsoft Copilot Features and Integration with M365 Tools","https://www.victrix.ca/en/microsoft-copilot-features/","/en/microsoft-copilot-features/","siteorigin","Microsoft Copilot Features | Integration with M365 Tools | Victrix","Discover the power of generative AI with Microsoft Copilot features. Victrix unveils the potential of AI integrated into your M365 tools.","","6938","Julie Roy","2025-01-29 18:22:08"
"post","6991","fr","publish","ServiceNow ITSM: Une stratégie axée affaires pour croître les opérations TI","https://www.victrix.ca/servicenow-itsm/","/servicenow-itsm/","siteorigin","ServiceNow ITSM: La stratégie pour croître les opérations TI | Victrix","Voyez pourquoi les entreprises choisissent la plateforme ServiceNow ITSM. Apprenez comment maximiser ROI et efficacité avec une stratégie d’implémentation axée affaires.","","7030","Julie Roy","2025-02-10 23:38:49"
"post","7030","en","publish","ServiceNow ITSM: Business-Led Strategy to Scale IT Operations","https://www.victrix.ca/en/servicenow-itsm/","/en/servicenow-itsm/","siteorigin","ServiceNow ITSM: Business-Led Strategy to Scale IT Operations | Victrix","See why companies choose the ServiceNow ITSM platform. Find out how to maximize IT efficiency and ROI with ServiceNow ITSM and a strong business-led strategy.","","6991","Julie Roy","2025-02-11 20:00:55"
"post","7046","en","publish","Victrix announces the appointment of Dominic Lajoie as CEO","https://www.victrix.ca/en/appointment-ceo/","/en/appointment-ceo/","siteorigin","","Victrix enters a new milestone in its evolution with the appointment of Dominic Lajoie as CEO.","","7042","admin@victrix","2025-03-05 15:00:37"
"post","7049","fr","publish","IA et ServiceNow: transformer la performance et la gouvernance IA de votre organisation","https://www.victrix.ca/ia-servicenow/","/ia-servicenow/","siteorigin","IA et ServiceNow: performance, conformité et gouvernance | Victrix","Découvrez comment accélérer vos opérations et gouverner l'IA avec ServiceNow. Performance, conformité et valeur mesurable pour votre organisation.","","7068","Julie Roy","2025-11-14 08:57:07"
"post","7068","en","publish","ServiceNow & AI: Transforming Your Organization’s Performance and AI Governance","https://www.victrix.ca/en/servicenow-ai/","/en/servicenow-ai/","siteorigin","ServiceNow AI: Transforming Performance and AI Governance | Victrix","Find out how to enhance your operations and govern AI securely with ServiceNow. Achieve measurable performance, compliance, and long-term value for your organization.","","7049","Julie Roy","2025-11-14 08:57:26"
"post","7078","fr","publish","Copilot vs ChatGPT: Adoptez l’IA la plus stratégique pour vos affaires","https://www.victrix.ca/copilot-vs-chatgpt/","/copilot-vs-chatgpt/","siteorigin","Copilot vs ChatGPT: choisir l'IA la plus stratégique pour votre entreprise | Victrix","Copilot ou ChatGPT? Parcourez notre comparatif pour choisir l'IA qui aura un réel impact sur votre productivité, et adaptée à vos besoins sur Microsoft 365.","","7092","Julie Roy","2025-03-18 21:15:02"
"post","7092","en","publish","Copilot vs ChatGPT: Adopt the Most Strategic AI for Your Business","https://www.victrix.ca/en/chatgpt-vs-copilot/","/en/chatgpt-vs-copilot/","siteorigin","Copilot vs ChatGPT: Adopt the Most Strategic AI for Your Business | Victrix","Copilot or ChatGPT? Explore our comparison guide to choose the AI solution that will deliver real impact on your productivity and effectively meet your business and security needs.","","7078","Julie Roy","2025-03-18 21:22:04"
"post","7101","fr","publish","Votre agent intelligent sur mesure: votre assistant IA de confiance","https://www.victrix.ca/agents-copilot-studio/","/agents-copilot-studio/","siteorigin","L'agent intelligent sur mesure: votre assistant IA de confiance | Victrix","Découvrez tous les bénéfices d’un agent intelligent Copilot sur mesure qui connait votre organisation et ses processus. Voyez comment Victrix vous accompagne dans sa conception et mise en œuvre.","","7106","Julie Roy","2025-07-03 21:08:57"
"post","7106","en","publish","Your Personalized Intelligent Agent: A Trusted AI Assistant","https://www.victrix.ca/en/copilot-studio-agents/","/en/copilot-studio-agents/","siteorigin","Personalized Intelligent Agent: Your Trusted Partner | Copilot | Victrix","Discover all the benefits of a tailored Copilot intelligent agent that understands your organization and its processes. Find out how Victrix can support you in its design and implementation.","","7101","Julie Roy","2025-07-03 21:08:45"
"post","7294","fr","publish","Mise en place d’un SOC adapté à vos opérations TI ","https://www.victrix.ca/mise-en-place-soc/","/mise-en-place-soc/","siteorigin","Mise en place d'un SOC adapté à vos opérations TI | Victrix","La mise en place d'un SOC interne est-elle votre meilleure option? Découvrez comment mettre en place un SOC adapté aux besoins de votre entreprise.","","7320","admin@victrix","2025-07-10 22:57:54"
"post","7320","en","publish","Setting Up a SOC Aligned with Your IT Operations","https://www.victrix.ca/en/setting-up-a-soc/","/en/setting-up-a-soc/","siteorigin","%%title%% %%page%% | Victrix","Is setting up an in-house SOC your best option? Find out how to set up a SOC tailored to your business needs.","","7294","admin@victrix","2025-07-10 22:57:59"
"post","7347","fr","publish","Victrix renouvelle ses certifications ISO 27001 et ISO 9001 : un double sceau d’excellence et de confiance","https://www.victrix.ca/certification-iso-27001-iso-9001/","/certification-iso-27001-iso-9001/","siteorigin","ISO 27001 et ISO 9001 : Victrix renouvelle ses certifications | Victrix","Victrix renouvelle ses certifications ISO 27001 et ISO 9001, démontrant son engagement à l’amélioration continue et sa volonté de maintenir les plus hauts standards en sécurité de l’information.","","7358","admin@victrix","2025-07-29 17:48:18"
"post","7358","en","publish","Victrix Renews Its ISO 27001 and ISO 9001 Certifications: a Double Seal of Excellence and Trust","https://www.victrix.ca/en/iso-27001-iso-9001-certifications/","/en/iso-27001-iso-9001-certifications/","siteorigin","ISO 27001 and ISO 9001: Victrix Renews Its Certifications | Victrix","Victrix renews its ISO 27001 and ISO 9001 certifications, demonstrating its commitment to continuous improvement and its desire to maintain the highest standards in information security.","","7347","admin@victrix","2025-07-29 17:47:49"
"post","7415","fr","publish","Un partenariat exclusif avec l'un des plus grands acteurs de la réalité étendue au Canada","https://www.victrix.ca/realite-etendue-xr-partenariat-agc/","/realite-etendue-xr-partenariat-agc/","siteorigin","","Victrix a l'immense honneur d'annoncer son partenariat exclusif avec Auger Groupe Conseil, experts-ingénieurs en réalité étendue (XR) au Canada.","","7441","admin@victrix","2025-09-03 09:00:52"
"post","7441","en","publish","An Exclusive Partnership with a Canadian Leader in Extended Reality","https://www.victrix.ca/en/extended-reality-xr-agc-partnership/","/en/extended-reality-xr-agc-partnership/","siteorigin","An Exclusive Partnership in Extended Reality (XR) for Victrix | Victrix","Victrix is extremely proud to announce its exclusive partnership with Auger Groupe Conseil, expert engineers in extended reality (XR) in Canada.","","7415","admin@victrix","2025-09-03 09:00:15"
"post","7216","fr","publish","ServiceNow ITOM: modules, avantages, coût et ROI","https://www.victrix.ca/servicenow-itom/","/servicenow-itom/","siteorigin","ServiceNow ITOM: Améliorez votre visibilité, rapidité et ROI | Victrix","Simplifiez la gestion des services, réduisez les temps d'arrêt et maximisez le ROI avec ServiceNow ITOM. Choisissez Victrix pour une mise en œuvre réussie.","","7226","Julie Roy","2025-05-07 20:33:16"
"post","7226","en","publish","ServiceNow ITOM: Modules, Benefits, Cost & ROI","https://www.victrix.ca/en/servicenow-itom/","/en/servicenow-itom/","siteorigin","ServiceNow ITOM: Improve Visibility, Speed & ROI | Victrix","Learn how ServiceNow ITOM helps manage services, reduce downtime, and drive ROI through automation and visibility. Work with Victrix to ensure successful implementation.","","7216","Julie Roy","2025-05-07 20:33:40"
"post","7370","fr","publish","Anticiper la fin du soutien de Windows 10 : une migration stratégique pour l’avenir de votre organisation","https://www.victrix.ca/migration-windows-11-microsoft-exchange/","/migration-windows-11-microsoft-exchange/","siteorigin","Migrez à Windows 11 et Exchange SE en toute sécurité | Victrix","Préparez-vous à une transition sécurisée et performante vers Windows 11 et Exchange SE avec Victrix, vos experts en migration du système d’exploitation Windows.","","7392","Julie Roy","2025-08-04 21:59:50"
"post","7392","en","publish","Getting Ready For the End of Windows 10 Support: a Strategic Migration For the Future of Your Organization","https://www.victrix.ca/en/migration-windows-11-microsoft-exchange/","/en/migration-windows-11-microsoft-exchange/","siteorigin","Migrate from Windows 10 to 11 and Exchange SE Safely | Victrix","Prepare for a secure and successful transition to Windows 11 and Exchange SE with Victrix, your experts in Windows OS migration.","","7370","Julie Roy","2025-08-04 22:30:28"
